Workbook

Sheet Overview
A1: Habit Tracking & Goal Setting Apps — Competitive Feature Matrix
A3: Purpose | B3: Market study to inform building a competing app
A4: Platform scope | B4: Apple App Store (iOS/iPadOS/watchOS/macOS)
A5: Ranking method | B5: App Store review count used as market-size proxy (higher = larger active base)
A6: Apps covered | B6: Top 10 apps by review volume capture the clear majority of the category
A7: Date compiled | B7: April 2026
A9: Sheet guide
A10: Apps & Market Data | B10: One row per app: developer, pricing, review count, rating, platforms
A11: Feature Matrix | B11: Features as rows, apps as columns. Y / N / P (partial) / ? (unverified)
A12: Feature Gaps | B12: Aggregated view — where the market is over- vs under-served
A13: Positioning | B13: Segments & archetypes to help identify whitespace
A15: Legend
A16: Y | B16: Yes — feature is present
A17: N | B17: No — feature is absent
A18: P | B18: Partial — limited, paywalled, or implemented in restricted form
A19: ? | B19: Unverified from public sources
A21: Source caveat | B21: Feature data compiled from App Store listings, developer sites, and independent reviews (Zapier, Reclaim, Tool Finder, Mindful Suite, Reddit, Apple App Store reviews). Some cells reflect marketed features rather than verified user-observed behavior. Flag cells marked 'P' for hands-on verification before making strategic decisions.
A23: Key methodological notes
A24: 1 | B24: Review counts are a lagging indicator of market size — a new entrant (e.g., Habi) may have low counts but high engagement.
A25: 2 | B25: Finch is included despite being primarily 'self-care' because its goal-tracker and habit-building features compete directly and it is the volume leader.
A26: 3 | B26: TickTick and Todoist are included because they contain full habit trackers as sub-modules, making them competitors even if primarily task managers.
A27: 4 | B27: Habitica's 15M+ downloads (claimed) do not match its ~2K App Store review count — this is because most usage is on Android and web.

Sheet Apps & Market Data
A1: Rank | B1: App | C1: Developer | D1: iOS Rating | E1: iOS Review Count (approx.) | F1: Pricing Model | G1: Free Tier Limit | H1: Premium Price (annual) | I1: Platforms | J1: Category Positioning
A2: 1 | B2: Finch: Self-Care Pet | C2: Finch Care PBC | D2: 4.9 | E2: 670,000+ | F2: Freemium | G2: Generous — most features free | H2: $14.99 (iOS) / $69.99 (Android) | I2: iOS, iPadOS, Android | J2: Gamified self-care with pet companion
A3: 2 | B3: Fabulous: Daily Habit Tracker | C3: Fabulous | D3: 4.6 | E3: 75,600+ | F3: Freemium (subscription) | G3: Limited — basic journeys only | H3: $39.99 | I3: iOS, Android | J3: Coaching-led, behavioral-science routines
A4: 3 | B4: Productive — Habit Tracker | C4: Apalon / Mosaic | D4: 4 | E4: 82,000+ | F4: Freemium (subscription) | G4: 2–3 habits | H4: ~$23 (often $12 promo) | I4: iOS only | J4: Time-block habit organization
A5: 4 | B5: Streaks | C5: Crunchy Bagel | D5: 4.8 | E5: 27,000+ | F5: Paid (one-time) | G5: N/A — paid app | H5: $5.99 one-time | I5: iOS, iPadOS, macOS, watchOS, visionOS | J5: Minimalist Apple-ecosystem tracker
A6: 5 | B6: Habitify: Habit Tracker | C6: Unstatic Ltd | D6: 4.6 | E6: 152,000+ | F6: Freemium (subscription) | G6: 3 habits | H6: ~$35 / $64.99 lifetime | I6: iOS, iPadOS, macOS, watchOS, Android, Web | J6: Cross-platform data-driven tracker
A7: 6 | B7: TickTick: To Do List & Calendar | C7: Appest Inc. | D7: 4.8 | E7: 150,000+ | F7: Freemium (subscription) | G7: 5 habits (within task app) | H7: ~$35.99 | I7: iOS, Android, macOS, Windows, Web, watchOS | J7: Task manager with habit module
A8: 7 | B8: Way of Life | C8: Way of Life ehf | D8: 4.5 | E8: 5,000+ | F8: Freemium | G8: 3 habits | H8: ~$4.99/mo (iPhone) | I8: iOS, Android | J8: Fast-log color-coded journal
A9: 8 | B9: Strides: Habit Tracker + Goals | C9: Goals LLC | D9: 4.7 | E9: 7,800+ | F9: Freemium (subscription) | G9: Unlimited habits, limited trackers | H9: ~$39.99 | I9: iOS, iPadOS, macOS, watchOS | J9: SMART-goal + multi-tracker-type
A10: 9 | B10: Habit Tracker (InnerGrow) | C10: InnerGrow | D10: 4.8 | E10: 250,000+ | F10: Freemium (subscription) | G10: 5–6 habits | H10: ~$29.99 / lifetime option | I10: iOS, Android | J10: General-purpose tracker with group habits
A11: 10 | B11: Habitica | C11: HabitRPG | D11: 4 | E11: 2,000+ | F11: Freemium (subscription) | G11: Free core game | H11: ~$47.99 | I11: iOS, Android, Web | J11: Gamified RPG with social guilds

Sheet Feature Matrix
A1: Category | B1: Feature | C1: Finch | D1: Fabulous | E1: Productive | F1: Streaks | G1: Habitify | H1: TickTick | I1: Way of Life | J1: Strides | K1: Habit Tracker (InnerGrow) | L1: Habitica
A2: CORE TRACKING
B3: Unlimited habits (free tier) | C3: N | D3: N | E3: N | F3: N | G3: N | H3: N | I3: N | J3: P | K3: N | L3: Y
B4: Unlimited habits (premium) | C4: Y | D4: Y | E4: Y | F4: Y | G4: Y | H4: Y | I4: Y | J4: Y | K4: Y | L4: Y
B5: Positive habits (build) | C5: Y | D5: Y | E5: Y | F5: Y | G5: Y | H5: Y | I5: Y | J5: Y | K5: Y | L5: Y
B6: Negative habits (break/quit) | C6: Y | D6: N | E6: N | F6: Y | G6: Y | H6: N | I6: Y | J6: Y | K6: Y | L6: Y
B7: Quantitative habits (e.g., 8 glasses) | C7: Y | D7: N | E7: Y | F7: Y | G7: Y | H7: N | I7: P | J7: Y | K7: Y | L7: N
B8: Timed habits (duration-based) | C8: Y | D8: Y | E8: Y | F8: Y | G8: Y | H8: Y | I8: N | J8: Y | K8: Y | L8: N
B9: Multiple completions per day | C9: Y | D9: Y | E9: Y | F9: Y | G9: Y | H9: P | I9: N | J9: Y | K9: Y | L9: Y
B10: Flexible scheduling (days/week, X per week) | C10: Y | D10: Y | E10: Y | F10: Y | G10: Y | H10: Y | I10: Y | J10: Y | K10: Y | L10: Y
B11: Skip/pause days without breaking streak | C11: Y | D11: P | E11: Y | F11: Y | G11: P | H11: P | I11: Y | J11: Y | K11: Y | L11: N
B12: Back-date / log past entries | C12: Y | D12: P | E12: Y | F12: Y | G12: Y | H12: Y | I12: Y | J12: Y | K12: Y | L12: P
A13: STREAKS & GAMIFICATION
B14: Streak counter (days in a row) | C14: Y | D14: Y | E14: Y | F14: Y | G14: Y | H14: Y | I14: Y | J14: Y | K14: Y | L14: P
B15: Streak freeze / protection | C15: N | D15: N | E15: N | F15: N | G15: N | H15: N | I15: N | J15: N | K15: N | L15: P
B16: Best-ever streak record | C16: Y | D16: P | E16: Y | F16: Y | G16: Y | H16: Y | I16: Y | J16: Y | K16: Y | L16: N
B17: XP / levels / avatar progression | C17: Y | D17: N | E17: N | F17: N | G17: N | H17: Y | I17: N | J17: N | K17: N | L17: Y
B18: Virtual pet / companion | C18: Y | D18: N | E18: N | F18: N | G18: N | H18: N | I18: N | J18: N | K18: N | L18: P
B19: In-app currency / rewards store | C19: Y | D19: N | E19: N | F19: N | G19: N | H19: Y | I19: N | J19: N | K19: N | L19: Y
B20: Badges / achievements | C20: Y | D20: Y | E20: Y | F20: P | G20: Y | H20: Y | I20: N | J20: N | K20: Y | L20: Y
B21: Challenges (timed programs) | C21: Y | D21: Y | E21: Y | F21: N | G21: Y | H21: N | I21: N | J21: N | K21: Y | L21: Y
A22: GOAL SETTING
B23: Long-term goal objects (distinct from habits) | C23: Y | D23: Y | E23: N | F23: N | G23: N | H23: Y | I23: N | J23: Y | K23: N | L23: N
B24: SMART goal framework | C24: N | D24: P | E24: N | F24: N | G24: N | H24: N | I24: N | J24: Y | K24: N | L24: N
B25: Milestones / sub-goals | C25: Y | D25: Y | E25: N | F25: N | G25: N | H25: Y | I25: N | J25: Y | K25: N | L25: N
B26: Goals linked to habits | C26: Y | D26: Y | E26: N | F26: N | G26: P | H26: Y | I26: N | J26: Y | K26: N | L26: N
B27: Goal deadline / target-date tracking | C27: Y | D27: P | E27: N | F27: N | G27: N | H27: Y | I27: N | J27: Y | K27: N | L27: N
B28: Vision board / imagery | C28: N | D28: N | E28: N | F28: N | G28: N | H28: N | I28: N | J28: N | K28: N | L28: N
A29: REMINDERS & NOTIFICATIONS
B30: Time-based reminders | C30: Y | D30: Y | E30: Y | F30: Y | G30: Y | H30: Y | I30: Y | J30: Y | K30: Y | L30: Y
B31: Multiple reminders per habit | C31: Y | D31: Y | E31: Y | F31: Y | G31: Y | H31: Y | I31: N | J31: Y | K31: Y | L31: P
B32: Location-based reminders | C32: N | D32: N | E32: Y | F32: N | G32: N | H32: Y | I32: N | J32: N | K32: Y | L32: N
B33: Smart / adaptive reminders (AI) | C33: P | D33: Y | E33: N | F33: N | G33: N | H33: N | I33: N | J33: N | K33: N | L33: N
B34: Repeated / escalating reminders | C34: N | D34: N | E34: Y | F34: N | G34: Y | H34: N | I34: N | J34: N | K34: Y | L34: N
A35: VISUALIZATION & ANALYTICS
B36: Calendar heatmap / contribution grid | C36: P | D36: N | E36: Y | F36: Y | G36: Y | H36: Y | I36: Y | J36: Y | K36: Y | L36: N
B37: Weekly / monthly / yearly reports | C37: Y | D37: Y | E37: Y | F37: Y | G37: Y | H37: Y | I37: Y | J37: Y | K37: Y | L37: P
B38: Completion rate % | C38: Y | D38: Y | E38: Y | F38: Y | G38: Y | H38: Y | I38: Y | J38: Y | K38: Y | L38: N
B39: Trend charts / line graphs | C39: Y | D39: P | E39: Y | F39: P | G39: Y | H39: P | I39: Y | J39: Y | K39: Y | L39: N
B40: Pattern / correlation insights | C40: Y | D40: Y | E40: P | F40: N | G40: Y | H40: N | I40: Y | J40: P | K40: N | L40: N
B41: CSV / data export | C41: N | D41: N | E41: P | F41: Y | G41: Y | H41: Y | I41: Y | J41: Y | K41: P | L41: N
A42: PERSONALIZATION
B43: Custom icons / emojis | C43: Y | D43: Y | E43: Y | F43: Y | G43: Y | H43: Y | I43: Y | J43: Y | K43: Y | L43: P
B44: Custom colors / themes | C44: Y | D44: Y | E44: Y | F44: Y | G44: Y | H44: Y | I44: Y | J44: Y | K44: Y | L44: Y
B45: Habit categories / groups | C45: Y | D45: Y | E45: Y | F45: N | G45: Y | H45: Y | I45: P | J45: Y | K45: Y | L45: Y
B46: Habit templates / packs | C46: Y | D46: Y | E46: Y | F46: Y | G46: Y | H46: N | I46: N | J46: Y | K46: Y | L46: P
B47: Dark mode | C47: Y | D47: Y | E47: Y | F47: Y | G47: Y | H47: Y | I47: Y | J47: Y | K47: Y | L47: Y
A48: APPLE ECOSYSTEM
B49: Home Screen widgets | C49: Y | D49: Y | E49: Y | F49: Y | G49: Y | H49: Y | I49: Y | J49: Y | K49: Y | L49: Y
B50: Lock Screen widgets | C50: Y | D50: Y | E50: Y | F50: Y | G50: Y | H50: Y | I50: P | J50: Y | K50: P | L50: P
B51: Apple Watch app | C51: N | D51: Y | E51: Y | F51: Y | G51: Y | H51: Y | I51: Y | J51: Y | K51: P | L51: Y
B52: Apple Watch complications | C52: N | D52: P | E52: Y | F52: Y | G52: Y | H52: Y | I52: Y | J52: Y | K52: N | L52: P
B53: Siri Shortcuts integration | C53: N | D53: P | E53: Y | F53: Y | G53: Y | H53: Y | I53: Y | J53: Y | K53: P | L53: P
B54: Dynamic Island support | C54: N | D54: Y | E54: N | F54: P | G54: N | H54: P | I54: N | J54: N | K54: N | L54: N
B55: Apple Health — read (auto-track) | C55: N | D55: P | E55: P | F55: Y | G55: Y | H55: N | I55: N | J55: Y | K55: Y | L55: N
B56: Apple Health — write (log to Health) | C56: N | D56: N | E56: N | F56: Y | G56: Y | H56: N | I56: N | J56: N | K56: P | L56: N
B57: iPad app | C57: Y | D57: Y | E57: Y | F57: Y | G57: Y | H57: Y | I57: Y | J57: Y | K57: Y | L57: P
B58: Native macOS app | C58: N | D58: N | E58: N | F58: Y | G58: Y | H58: Y | I58: N | J58: Y | K58: N | L58: P
B59: visionOS support | C59: Y | D59: N | E59: N | F59: Y | G59: P | H59: N | I59: N | J59: Y | K59: N | L59: N
A60: INTEGRATIONS
B61: Google Calendar sync | C61: N | D61: N | E61: N | F61: N | G61: Y | H61: Y | I61: N | J61: N | K61: N | L61: P
B62: iCalendar / Outlook sync | C62: N | D62: N | E62: N | F62: N | G62: P | H62: Y | I62: N | J62: N | K62: N | L62: N
B63: Zapier / IFTTT / API | C63: N | D63: N | E63: N | F63: N | G63: Y | H63: Y | I63: N | J63: N | K63: N | L63: Y
B64: Import from other habit apps | C64: N | D64: N | E64: N | F64: N | G64: P | H64: N | I64: N | J64: P | K64: N | L64: N
B65: Cloud sync across devices | C65: Y | D65: Y | E65: P | F65: Y | G65: Y | H65: Y | I65: P | J65: Y | K65: Y | L65: Y
A66: SOCIAL & ACCOUNTABILITY
B67: Share habits with friends | C67: Y | D67: Y | E67: N | F67: N | G67: P | H67: N | I67: N | J67: P | K67: Y | L67: Y
B68: Group / team habits | C68: P | D68: Y | E68: N | F68: N | G68: Y | H68: N | I68: N | J68: N | K68: Y | L68: Y
B69: Public leaderboards | C69: N | D69: N | E69: Y | F69: N | G69: Y | H69: N | I69: N | J69: N | K69: N | L69: Y
B70: In-app messaging / comments | C70: Y | D70: Y | E70: Y | F70: N | G70: N | H70: N | I70: N | J70: N | K70: N | L70: Y
B71: Community / forum / challenges | C71: Y | D71: Y | E71: Y | F71: N | G71: Y | H71: P | I71: N | J71: N | K71: Y | L71: Y
B72: Accountability partners | C72: P | D72: Y | E72: N | F72: N | G72: Y | H72: N | I72: N | J72: Y | K72: Y | L72: Y
A73: REFLECTION & JOURNALING
B74: Daily mood tracking | C74: Y | D74: Y | E74: N | F74: N | G74: Y | H74: N | I74: Y | J74: N | K74: Y | L74: N
B75: Journal / notes per entry | C75: Y | D75: Y | E75: N | F75: Y | G75: Y | H75: Y | I75: Y | J75: Y | K75: Y | L75: N
B76: Guided reflection prompts | C76: Y | D76: Y | E76: Y | F76: N | G76: P | H76: N | I76: N | J76: N | K76: N | L76: N
B77: Gratitude / affirmation module | C77: Y | D77: Y | E77: N | F77: N | G77: N | H77: N | I77: N | J77: N | K77: P | L77: N
A78: PRODUCTIVITY ADD-ONS
B79: Built-in Pomodoro / focus timer | C79: N | D79: Y | E79: Y | F79: N | G79: Y | H79: Y | I79: N | J79: N | K79: N | L79: N
B80: Full task / to-do manager | C80: N | D80: N | E80: P | F80: N | G80: N | H80: Y | I80: N | J80: N | K80: P | L80: Y
B81: Meditation / mindfulness content | C81: Y | D81: Y | E81: P | F81: Y | G81: N | H81: N | I81: N | J81: N | K81: N | L81: N
B82: Sleep tracking / bedtime | C82: P | D82: Y | E82: N | F82: Y | G82: N | H82: N | I82: N | J82: N | K82: P | L82: N
B83: Educational content / articles | C83: Y | D83: Y | E83: Y | F83: N | G83: P | H83: N | I83: N | J83: N | K83: N | L83: P
A84: AI & COACHING
B85: AI-generated habit suggestions | C85: P | D85: Y | E85: N | F85: N | G85: N | H85: N | I85: N | J85: N | K85: N | L85: N
B86: AI coach / chatbot | C86: P | D86: Y | E86: N | F86: N | G86: N | H86: N | I86: N | J86: N | K86: N | L86: N
B87: Human coaching (premium) | C87: N | D87: Y | E87: N | F87: N | G87: N | H87: N | I87: N | J87: N | K87: N | L87: N
B88: Personalized journey / program | C88: Y | D88: Y | E88: P | F88: N | G88: N | H88: N | I88: N | J88: N | K88: N | L88: P
A89: MONETIZATION SIGNALS
B90: Offers free tier | C90: Y | D90: Y | E90: Y | F90: N | G90: Y | H90: Y | I90: Y | J90: Y | K90: Y | L90: Y
B91: Subscription model | C91: Y | D91: Y | E91: Y | F91: N | G91: Y | H91: Y | I91: Y | J91: Y | K91: Y | L91: Y
B92: Lifetime / one-time purchase option | C92: P | D92: P | E92: N | F92: Y | G92: Y | H92: N | I92: N | J92: N | K92: Y | L92: N
B93: Ad-free (paid or free) | C93: Y | D93: Y | E93: P | F93: Y | G93: Y | H93: Y | I93: Y | J93: Y | K93: P | L93: Y
B94: In-app consumables / virtual goods | C94: Y | D94: N | E94: N | F94: N | G94: N | H94: N | I94: N | J94: N | K94: N | L94: Y
A95: PRIVACY
B96: Local-only data option (no account) | C96: N | D96: N | E96: N | F96: P | G96: N | H96: N | I96: Y | J96: N | K96: P | L96: N
B97: End-to-end encryption claimed | C97: N | D97: N | E97: N | F97: P | G97: N | H97: N | I97: N | J97: N | K97: N | L97: N
B98: No-login / anonymous use | C98: N | D98: N | E98: N | F98: Y | G98: N | H98: N | I98: Y | J98: N | K98: P | L98: N
B101: Legend: | C101: Y = Yes | D101: N = No | E101: P = Partial/paywalled | F101: ? = Unverified

Sheet Feature Gaps
A1: Feature | B1: # Yes | C1: # Partial | D1: # No | E1: Market Penetration | F1: Whitespace Signal
A2: CORE TRACKING
A3: Unlimited habits (free tier) | B3: =COUNTIF('Feature Matrix'!C3:L3,"Y") -> 1 | C3: =COUNTIF('Feature Matrix'!C3:L3,"P") -> 1 | D3: =COUNTIF('Feature Matrix'!C3:L3,"N") -> 8 | E3: =(B3+0.5*C3)/10 -> 0.15 | F3: =IF(E3<0.3,"High — underserved",IF(E3<=0.7,"Medium — differentiator","Low — table stakes")) -> High — underserved
A4: Unlimited habits (premium) | B4: =COUNTIF('Feature Matrix'!C4:L4,"Y") -> 10 | C4: =COUNTIF('Feature Matrix'!C4:L4,"P") -> 0 | D4: =COUNTIF('Feature Matrix'!C4:L4,"N") -> 0 | E4: =(B4+0.5*C4)/10 -> 1 | F4: =IF(E4<0.3,"High — underserved",IF(E4<=0.7,"Medium — differentiator","Low — table stakes")) -> Low — table stakes
A5: Positive habits (build) | B5: =COUNTIF('Feature Matrix'!C5:L5,"Y") -> 10 | C5: =COUNTIF('Feature Matrix'!C5:L5,"P") -> 0 | D5: =COUNTIF('Feature Matrix'!C5:L5,"N") -> 0 | E5: =(B5+0.5*C5)/10 -> 1 | F5: =IF(E5<0.3,"High — underserved",IF(E5<=0.7,"Medium — differentiator","Low — table stakes")) -> Low — table stakes
A6: Negative habits (break/quit) | B6: =COUNTIF('Feature Matrix'!C6:L6,"Y") -> 7 | C6: =COUNTIF('Feature Matrix'!C6:L6,"P") -> 0 | D6: =COUNTIF('Feature Matrix'!C6:L6,"N") -> 3 | E6: =(B6+0.5*C6)/10 -> 0.7 | F6: =IF(E6<0.3,"High — underserved",IF(E6<=0.7,"Medium — differentiator","Low — table stakes")) -> Medium — differentiator
A7: Quantitative habits (e.g., 8 glasses) | B7: =COUNTIF('Feature Matrix'!C7:L7,"Y") -> 6 | C7: =COUNTIF('Feature Matrix'!C7:L7,"P") -> 1 | D7: =COUNTIF('Feature Matrix'!C7:L7,"N") -> 3 | E7: =(B7+0.5*C7)/10 -> 0.65 | F7: =IF(E7<0.3,"High — underserved",IF(E7<=0.7,"Medium — differentiator","Low — table stakes")) -> Medium — differentiator
A8: Timed habits (duration-based) | B8: =COUNTIF('Feature Matrix'!C8:L8,"Y") -> 8 | C8: =COUNTIF('Feature Matrix'!C8:L8,"P") -> 0 | D8: =COUNTIF('Feature Matrix'!C8:L8,"N") -> 2 | E8: =(B8+0.5*C8)/10 -> 0.8 | F8: =IF(E8<0.3,"High — underserved",IF(E8<=0.7,"Medium — differentiator","Low — table stakes")) -> Low — table stakes
A9: Multiple completions per day | B9: =COUNTIF('Feature Matrix'!C9:L9,"Y") -> 8 | C9: =COUNTIF('Feature Matrix'!C9:L9,"P") -> 1 | D9: =COUNTIF('Feature Matrix'!C9:L9,"N") -> 1 | E9: =(B9+0.5*C9)/10 -> 0.85 | F9: =IF(E9<0.3,"High — underserved",IF(E9<=0.7,"Medium — differentiator","Low — table stakes")) -> Low — table stakes
A10: Flexible scheduling (days/week, X per week) | B10: =COUNTIF('Feature Matrix'!C10:L10,"Y") -> 10 | C10: =COUNTIF('Feature Matrix'!C10:L10,"P") -> 0 | D10: =COUNTIF('Feature Matrix'!C10:L10,"N") -> 0 | E10: =(B10+0.5*C10)/10 -> 1 | F10: =IF(E10<0.3,"High — underserved",IF(E10<=0.7,"Medium — differentiator","Low — table stakes")) -> Low — table stakes
A11: Skip/pause days without breaking streak | B11: =COUNTIF('Feature Matrix'!C11:L11,"Y") -> 6 | C11: =COUNTIF('Feature Matrix'!C11:L11,"P") -> 3 | D11: =COUNTIF('Feature Matrix'!C11:L11,"N") -> 1 | E11: =(B11+0.5*C11)/10 -> 0.75 | F11: =IF(E11<0.3,"High — underserved",IF(E11<=0.7,"Medium — differentiator","Low — table stakes")) -> Low — table stakes
A12: Back-date / log past entries | B12: =COUNTIF('Feature Matrix'!C12:L12,"Y") -> 8 | C12: =COUNTIF('Feature Matrix'!C12:L12,"P") -> 2 | D12: =COUNTIF('Feature Matrix'!C12:L12,"N") -> 0 | E12: =(B12+0.5*C12)/10 -> 0.9 | F12: =IF(E12<0.3,"High — underserved",IF(E12<=0.7,"Medium — differentiator","Low — table stakes")) -> Low — table stakes
A13: STREAKS & GAMIFICATION
A14: Streak counter (days in a row) | B14: =COUNTIF('Feature Matrix'!C14:L14,"Y") -> 9 | C14: =COUNTIF('Feature Matrix'!C14:L14,"P") -> 1 | D14: =COUNTIF('Feature Matrix'!C14:L14,"N") -> 0 | E14: =(B14+0.5*C14)/10 -> 0.95 | F14: =IF(E14<0.3,"High — underserved",IF(E14<=0.7,"Medium — differentiator","Low — table stakes")) -> Low — table stakes
A15: Streak freeze / protection | B15: =COUNTIF('Feature Matrix'!C15:L15,"Y") -> 0 | C15: =COUNTIF('Feature Matrix'!C15:L15,"P") -> 1 | D15: =COUNTIF('Feature Matrix'!C15:L15,"N") -> 9 | E15: =(B15+0.5*C15)/10 -> 0.05 | F15: =IF(E15<0.3,"High — underserved",IF(E15<=0.7,"Medium — differentiator","Low — table stakes")) -> High — underserved
A16: Best-ever streak record | B16: =COUNTIF('Feature Matrix'!C16:L16,"Y") -> 8 | C16: =COUNTIF('Feature Matrix'!C16:L16,"P") -> 1 | D16: =COUNTIF('Feature Matrix'!C16:L16,"N") -> 1 | E16: =(B16+0.5*C16)/10 -> 0.85 | F16: =IF(E16<0.3,"High — underserved",IF(E16<=0.7,"Medium — differentiator","Low — table stakes")) -> Low — table stakes
A17: XP / levels / avatar progression | B17: =COUNTIF('Feature Matrix'!C17:L17,"Y") -> 3 | C17: =COUNTIF('Feature Matrix'!C17:L17,"P") -> 0 | D17: =COUNTIF('Feature Matrix'!C17:L17,"N") -> 7 | E17: =(B17+0.5*C17)/10 -> 0.3 | F17: =IF(E17<0.3,"High — underserved",IF(E17<=0.7,"Medium — differentiator","Low — table stakes")) -> Medium — differentiator
A18: Virtual pet / companion | B18: =COUNTIF('Feature Matrix'!C18:L18,"Y") -> 1 | C18: =COUNTIF('Feature Matrix'!C18:L18,"P") -> 1 | D18: =COUNTIF('Feature Matrix'!C18:L18,"N") -> 8 | E18: =(B18+0.5*C18)/10 -> 0.15 | F18: =IF(E18<0.3,"High — underserved",IF(E18<=0.7,"Medium — differentiator","Low — table stakes")) -> High — underserved
A19: In-app currency / rewards store | B19: =COUNTIF('Feature Matrix'!C19:L19,"Y") -> 3 | C19: =COUNTIF('Feature Matrix'!C19:L19,"P") -> 0 | D19: =COUNTIF('Feature Matrix'!C19:L19,"N") -> 7 | E19: =(B19+0.5*C19)/10 -> 0.3 | F19: =IF(E19<0.3,"High — underserved",IF(E19<=0.7,"Medium — differentiator","Low — table stakes")) -> Medium — differentiator
A20: Badges / achievements | B20: =COUNTIF('Feature Matrix'!C20:L20,"Y") -> 7 | C20: =COUNTIF('Feature Matrix'!C20:L20,"P") -> 1 | D20: =COUNTIF('Feature Matrix'!C20:L20,"N") -> 2 | E20: =(B20+0.5*C20)/10 -> 0.75 | F20: =IF(E20<0.3,"High — underserved",IF(E20<=0.7,"Medium — differentiator","Low — table stakes")) -> Low — table stakes
A21: Challenges (timed programs) | B21: =COUNTIF('Feature Matrix'!C21:L21,"Y") -> 6 | C21: =COUNTIF('Feature Matrix'!C21:L21,"P") -> 0 | D21: =COUNTIF('Feature Matrix'!C21:L21,"N") -> 4 | E21: =(B21+0.5*C21)/10 -> 0.6 | F21: =IF(E21<0.3,"High — underserved",IF(E21<=0.7,"Medium — differentiator","Low — table stakes")) -> Medium — differentiator
A22: GOAL SETTING
A23: Long-term goal objects (distinct from habits) | B23: =COUNTIF('Feature Matrix'!C23:L23,"Y") -> 4 | C23: =COUNTIF('Feature Matrix'!C23:L23,"P") -> 0 | D23: =COUNTIF('Feature Matrix'!C23:L23,"N") -> 6 | E23: =(B23+0.5*C23)/10 -> 0.4 | F23: =IF(E23<0.3,"High — underserved",IF(E23<=0.7,"Medium — differentiator","Low — table stakes")) -> Medium — differentiator
A24: SMART goal framework | B24: =COUNTIF('Feature Matrix'!C24:L24,"Y") -> 1 | C24: =COUNTIF('Feature Matrix'!C24:L24,"P") -> 1 | D24: =COUNTIF('Feature Matrix'!C24:L24,"N") -> 8 | E24: =(B24+0.5*C24)/10 -> 0.15 | F24: =IF(E24<0.3,"High — underserved",IF(E24<=0.7,"Medium — differentiator","Low — table stakes")) -> High — underserved
A25: Milestones / sub-goals | B25: =COUNTIF('Feature Matrix'!C25:L25,"Y") -> 4 | C25: =COUNTIF('Feature Matrix'!C25:L25,"P") -> 0 | D25: =COUNTIF('Feature Matrix'!C25:L25,"N") -> 6 | E25: =(B25+0.5*C25)/10 -> 0.4 | F25: =IF(E25<0.3,"High — underserved",IF(E25<=0.7,"Medium — differentiator","Low — table stakes")) -> Medium — differentiator
A26: Goals linked to habits | B26: =COUNTIF('Feature Matrix'!C26:L26,"Y") -> 4 | C26: =COUNTIF('Feature Matrix'!C26:L26,"P") -> 1 | D26: =COUNTIF('Feature Matrix'!C26:L26,"N") -> 5 | E26: =(B26+0.5*C26)/10 -> 0.45 | F26: =IF(E26<0.3,"High — underserved",IF(E26<=0.7,"Medium — differentiator","Low — table stakes")) -> Medium — differentiator
A27: Goal deadline / target-date tracking | B27: =COUNTIF('Feature Matrix'!C27:L27,"Y") -> 3 | C27: =COUNTIF('Feature Matrix'!C27:L27,"P") -> 1 | D27: =COUNTIF('Feature Matrix'!C27:L27,"N") -> 6 | E27: =(B27+0.5*C27)/10 -> 0.35 | F27: =IF(E27<0.3,"High — underserved",IF(E27<=0.7,"Medium — differentiator","Low — table stakes")) -> Medium — differentiator
A28: Vision board / imagery | B28: =COUNTIF('Feature Matrix'!C28:L28,"Y") -> 0 | C28: =COUNTIF('Feature Matrix'!C28:L28,"P") -> 0 | D28: =COUNTIF('Feature Matrix'!C28:L28,"N") -> 10 | E28: =(B28+0.5*C28)/10 -> 0 | F28: =IF(E28<0.3,"High — underserved",IF(E28<=0.7,"Medium — differentiator","Low — table stakes")) -> High — underserved
A29: REMINDERS & NOTIFICATIONS
A30: Time-based reminders | B30: =COUNTIF('Feature Matrix'!C30:L30,"Y") -> 10 | C30: =COUNTIF('Feature Matrix'!C30:L30,"P") -> 0 | D30: =COUNTIF('Feature Matrix'!C30:L30,"N") -> 0 | E30: =(B30+0.5*C30)/10 -> 1 | F30: =IF(E30<0.3,"High — underserved",IF(E30<=0.7,"Medium — differentiator","Low — table stakes")) -> Low — table stakes
A31: Multiple reminders per habit | B31: =COUNTIF('Feature Matrix'!C31:L31,"Y") -> 8 | C31: =COUNTIF('Feature Matrix'!C31:L31,"P") -> 1 | D31: =COUNTIF('Feature Matrix'!C31:L31,"N") -> 1 | E31: =(B31+0.5*C31)/10 -> 0.85 | F31: =IF(E31<0.3,"High — underserved",IF(E31<=0.7,"Medium — differentiator","Low — table stakes")) -> Low — table stakes
A32: Location-based reminders | B32: =COUNTIF('Feature Matrix'!C32:L32,"Y") -> 3 | C32: =COUNTIF('Feature Matrix'!C32:L32,"P") -> 0 | D32: =COUNTIF('Feature Matrix'!C32:L32,"N") -> 7 | E32: =(B32+0.5*C32)/10 -> 0.3 | F32: =IF(E32<0.3,"High — underserved",IF(E32<=0.7,"Medium — differentiator","Low — table stakes")) -> Medium — differentiator
A33: Smart / adaptive reminders (AI) | B33: =COUNTIF('Feature Matrix'!C33:L33,"Y") -> 1 | C33: =COUNTIF('Feature Matrix'!C33:L33,"P") -> 1 | D33: =COUNTIF('Feature Matrix'!C33:L33,"N") -> 8 | E33: =(B33+0.5*C33)/10 -> 0.15 | F33: =IF(E33<0.3,"High — underserved",IF(E33<=0.7,"Medium — differentiator","Low — table stakes")) -> High — underserved
A34: Repeated / escalating reminders | B34: =COUNTIF('Feature Matrix'!C34:L34,"Y") -> 3 | C34: =COUNTIF('Feature Matrix'!C34:L34,"P") -> 0 | D34: =COUNTIF('Feature Matrix'!C34:L34,"N") -> 7 | E34: =(B34+0.5*C34)/10 -> 0.3 | F34: =IF(E34<0.3,"High — underserved",IF(E34<=0.7,"Medium — differentiator","Low — table stakes")) -> Medium — differentiator
A35: VISUALIZATION & ANALYTICS
A36: Calendar heatmap / contribution grid | B36: =COUNTIF('Feature Matrix'!C36:L36,"Y") -> 7 | C36: =COUNTIF('Feature Matrix'!C36:L36,"P") -> 1 | D36: =COUNTIF('Feature Matrix'!C36:L36,"N") -> 2 | E36: =(B36+0.5*C36)/10 -> 0.75 | F36: =IF(E36<0.3,"High — underserved",IF(E36<=0.7,"Medium — differentiator","Low — table stakes")) -> Low — table stakes
A37: Weekly / monthly / yearly reports | B37: =COUNTIF('Feature Matrix'!C37:L37,"Y") -> 9 | C37: =COUNTIF('Feature Matrix'!C37:L37,"P") -> 1 | D37: =COUNTIF('Feature Matrix'!C37:L37,"N") -> 0 | E37: =(B37+0.5*C37)/10 -> 0.95 | F37: =IF(E37<0.3,"High — underserved",IF(E37<=0.7,"Medium — differentiator","Low — table stakes")) -> Low — table stakes
A38: Completion rate % | B38: =COUNTIF('Feature Matrix'!C38:L38,"Y") -> 9 | C38: =COUNTIF('Feature Matrix'!C38:L38,"P") -> 0 | D38: =COUNTIF('Feature Matrix'!C38:L38,"N") -> 1 | E38: =(B38+0.5*C38)/10 -> 0.9 | F38: =IF(E38<0.3,"High — underserved",IF(E38<=0.7,"Medium — differentiator","Low — table stakes")) -> Low — table stakes
A39: Trend charts / line graphs | B39: =COUNTIF('Feature Matrix'!C39:L39,"Y") -> 6 | C39: =COUNTIF('Feature Matrix'!C39:L39,"P") -> 3 | D39: =COUNTIF('Feature Matrix'!C39:L39,"N") -> 1 | E39: =(B39+0.5*C39)/10 -> 0.75 | F39: =IF(E39<0.3,"High — underserved",IF(E39<=0.7,"Medium — differentiator","Low — table stakes")) -> Low — table stakes
A40: Pattern / correlation insights | B40: =COUNTIF('Feature Matrix'!C40:L40,"Y") -> 4 | C40: =COUNTIF('Feature Matrix'!C40:L40,"P") -> 2 | D40: =COUNTIF('Feature Matrix'!C40:L40,"N") -> 4 | E40: =(B40+0.5*C40)/10 -> 0.5 | F40: =IF(E40<0.3,"High — underserved",IF(E40<=0.7,"Medium — differentiator","Low — table stakes")) -> Medium — differentiator
A41: CSV / data export | B41: =COUNTIF('Feature Matrix'!C41:L41,"Y") -> 5 | C41: =COUNTIF('Feature Matrix'!C41:L41,"P") -> 2 | D41: =COUNTIF('Feature Matrix'!C41:L41,"N") -> 3 | E41: =(B41+0.5*C41)/10 -> 0.6 | F41: =IF(E41<0.3,"High — underserved",IF(E41<=0.7,"Medium — differentiator","Low — table stakes")) -> Medium — differentiator
A42: PERSONALIZATION
A43: Custom icons / emojis | B43: =COUNTIF('Feature Matrix'!C43:L43,"Y") -> 9 | C43: =COUNTIF('Feature Matrix'!C43:L43,"P") -> 1 | D43: =COUNTIF('Feature Matrix'!C43:L43,"N") -> 0 | E43: =(B43+0.5*C43)/10 -> 0.95 | F43: =IF(E43<0.3,"High — underserved",IF(E43<=0.7,"Medium — differentiator","Low — table stakes")) -> Low — table stakes
A44: Custom colors / themes | B44: =COUNTIF('Feature Matrix'!C44:L44,"Y") -> 10 | C44: =COUNTIF('Feature Matrix'!C44:L44,"P") -> 0 | D44: =COUNTIF('Feature Matrix'!C44:L44,"N") -> 0 | E44: =(B44+0.5*C44)/10 -> 1 | F44: =IF(E44<0.3,"High — underserved",IF(E44<=0.7,"Medium — differentiator","Low — table stakes")) -> Low — table stakes
A45: Habit categories / groups | B45: =COUNTIF('Feature Matrix'!C45:L45,"Y") -> 8 | C45: =COUNTIF('Feature Matrix'!C45:L45,"P") -> 1 | D45: =COUNTIF('Feature Matrix'!C45:L45,"N") -> 1 | E45: =(B45+0.5*C45)/10 -> 0.85 | F45: =IF(E45<0.3,"High — underserved",IF(E45<=0.7,"Medium — differentiator","Low — table stakes")) -> Low — table stakes
A46: Habit templates / packs | B46: =COUNTIF('Feature Matrix'!C46:L46,"Y") -> 7 | C46: =COUNTIF('Feature Matrix'!C46:L46,"P") -> 1 | D46: =COUNTIF('Feature Matrix'!C46:L46,"N") -> 2 | E46: =(B46+0.5*C46)/10 -> 0.75 | F46: =IF(E46<0.3,"High — underserved",IF(E46<=0.7,"Medium — differentiator","Low — table stakes")) -> Low — table stakes
A47: Dark mode | B47: =COUNTIF('Feature Matrix'!C47:L47,"Y") -> 10 | C47: =COUNTIF('Feature Matrix'!C47:L47,"P") -> 0 | D47: =COUNTIF('Feature Matrix'!C47:L47,"N") -> 0 | E47: =(B47+0.5*C47)/10 -> 1 | F47: =IF(E47<0.3,"High — underserved",IF(E47<=0.7,"Medium — differentiator","Low — table stakes")) -> Low — table stakes
A48: APPLE ECOSYSTEM
A49: Home Screen widgets | B49: =COUNTIF('Feature Matrix'!C49:L49,"Y") -> 10 | C49: =COUNTIF('Feature Matrix'!C49:L49,"P") -> 0 | D49: =COUNTIF('Feature Matrix'!C49:L49,"N") -> 0 | E49: =(B49+0.5*C49)/10 -> 1 | F49: =IF(E49<0.3,"High — underserved",IF(E49<=0.7,"Medium — differentiator","Low — table stakes")) -> Low — table stakes
A50: Lock Screen widgets | B50: =COUNTIF('Feature Matrix'!C50:L50,"Y") -> 7 | C50: =COUNTIF('Feature Matrix'!C50:L50,"P") -> 3 | D50: =COUNTIF('Feature Matrix'!C50:L50,"N") -> 0 | E50: =(B50+0.5*C50)/10 -> 0.85 | F50: =IF(E50<0.3,"High — underserved",IF(E50<=0.7,"Medium — differentiator","Low — table stakes")) -> Low — table stakes
A51: Apple Watch app | B51: =COUNTIF('Feature Matrix'!C51:L51,"Y") -> 8 | C51: =COUNTIF('Feature Matrix'!C51:L51,"P") -> 1 | D51: =COUNTIF('Feature Matrix'!C51:L51,"N") -> 1 | E51: =(B51+0.5*C51)/10 -> 0.85 | F51: =IF(E51<0.3,"High — underserved",IF(E51<=0.7,"Medium — differentiator","Low — table stakes")) -> Low — table stakes
A52: Apple Watch complications | B52: =COUNTIF('Feature Matrix'!C52:L52,"Y") -> 6 | C52: =COUNTIF('Feature Matrix'!C52:L52,"P") -> 2 | D52: =COUNTIF('Feature Matrix'!C52:L52,"N") -> 2 | E52: =(B52+0.5*C52)/10 -> 0.7 | F52: =IF(E52<0.3,"High — underserved",IF(E52<=0.7,"Medium — differentiator","Low — table stakes")) -> Medium — differentiator
A53: Siri Shortcuts integration | B53: =COUNTIF('Feature Matrix'!C53:L53,"Y") -> 6 | C53: =COUNTIF('Feature Matrix'!C53:L53,"P") -> 3 | D53: =COUNTIF('Feature Matrix'!C53:L53,"N") -> 1 | E53: =(B53+0.5*C53)/10 -> 0.75 | F53: =IF(E53<0.3,"High — underserved",IF(E53<=0.7,"Medium — differentiator","Low — table stakes")) -> Low — table stakes
A54: Dynamic Island support | B54: =COUNTIF('Feature Matrix'!C54:L54,"Y") -> 1 | C54: =COUNTIF('Feature Matrix'!C54:L54,"P") -> 2 | D54: =COUNTIF('Feature Matrix'!C54:L54,"N") -> 7 | E54: =(B54+0.5*C54)/10 -> 0.2 | F54: =IF(E54<0.3,"High — underserved",IF(E54<=0.7,"Medium — differentiator","Low — table stakes")) -> High — underserved
A55: Apple Health — read (auto-track) | B55: =COUNTIF('Feature Matrix'!C55:L55,"Y") -> 4 | C55: =COUNTIF('Feature Matrix'!C55:L55,"P") -> 2 | D55: =COUNTIF('Feature Matrix'!C55:L55,"N") -> 4 | E55: =(B55+0.5*C55)/10 -> 0.5 | F55: =IF(E55<0.3,"High — underserved",IF(E55<=0.7,"Medium — differentiator","Low — table stakes")) -> Medium — differentiator
A56: Apple Health — write (log to Health) | B56: =COUNTIF('Feature Matrix'!C56:L56,"Y") -> 2 | C56: =COUNTIF('Feature Matrix'!C56:L56,"P") -> 1 | D56: =COUNTIF('Feature Matrix'!C56:L56,"N") -> 7 | E56: =(B56+0.5*C56)/10 -> 0.25 | F56: =IF(E56<0.3,"High — underserved",IF(E56<=0.7,"Medium — differentiator","Low — table stakes")) -> High — underserved
A57: iPad app | B57: =COUNTIF('Feature Matrix'!C57:L57,"Y") -> 9 | C57: =COUNTIF('Feature Matrix'!C57:L57,"P") -> 1 | D57: =COUNTIF('Feature Matrix'!C57:L57,"N") -> 0 | E57: =(B57+0.5*C57)/10 -> 0.95 | F57: =IF(E57<0.3,"High — underserved",IF(E57<=0.7,"Medium — differentiator","Low — table stakes")) -> Low — table stakes
A58: Native macOS app | B58: =COUNTIF('Feature Matrix'!C58:L58,"Y") -> 4 | C58: =COUNTIF('Feature Matrix'!C58:L58,"P") -> 1 | D58: =COUNTIF('Feature Matrix'!C58:L58,"N") -> 5 | E58: =(B58+0.5*C58)/10 -> 0.45 | F58: =IF(E58<0.3,"High — underserved",IF(E58<=0.7,"Medium — differentiator","Low — table stakes")) -> Medium — differentiator
A59: visionOS support | B59: =COUNTIF('Feature Matrix'!C59:L59,"Y") -> 3 | C59: =COUNTIF('Feature Matrix'!C59:L59,"P") -> 1 | D59: =COUNTIF('Feature Matrix'!C59:L59,"N") -> 6 | E59: =(B59+0.5*C59)/10 -> 0.35 | F59: =IF(E59<0.3,"High — underserved",IF(E59<=0.7,"Medium — differentiator","Low — table stakes")) -> Medium — differentiator
A60: INTEGRATIONS
A61: Google Calendar sync | B61: =COUNTIF('Feature Matrix'!C61:L61,"Y") -> 2 | C61: =COUNTIF('Feature Matrix'!C61:L61,"P") -> 1 | D61: =COUNTIF('Feature Matrix'!C61:L61,"N") -> 7 | E61: =(B61+0.5*C61)/10 -> 0.25 | F61: =IF(E61<0.3,"High — underserved",IF(E61<=0.7,"Medium — differentiator","Low — table stakes")) -> High — underserved
A62: iCalendar / Outlook sync | B62: =COUNTIF('Feature Matrix'!C62:L62,"Y") -> 1 | C62: =COUNTIF('Feature Matrix'!C62:L62,"P") -> 1 | D62: =COUNTIF('Feature Matrix'!C62:L62,"N") -> 8 | E62: =(B62+0.5*C62)/10 -> 0.15 | F62: =IF(E62<0.3,"High — underserved",IF(E62<=0.7,"Medium — differentiator","Low — table stakes")) -> High — underserved
A63: Zapier / IFTTT / API | B63: =COUNTIF('Feature Matrix'!C63:L63,"Y") -> 3 | C63: =COUNTIF('Feature Matrix'!C63:L63,"P") -> 0 | D63: =COUNTIF('Feature Matrix'!C63:L63,"N") -> 7 | E63: =(B63+0.5*C63)/10 -> 0.3 | F63: =IF(E63<0.3,"High — underserved",IF(E63<=0.7,"Medium — differentiator","Low — table stakes")) -> Medium — differentiator
A64: Import from other habit apps | B64: =COUNTIF('Feature Matrix'!C64:L64,"Y") -> 0 | C64: =COUNTIF('Feature Matrix'!C64:L64,"P") -> 2 | D64: =COUNTIF('Feature Matrix'!C64:L64,"N") -> 8 | E64: =(B64+0.5*C64)/10 -> 0.1 | F64: =IF(E64<0.3,"High — underserved",IF(E64<=0.7,"Medium — differentiator","Low — table stakes")) -> High — underserved
A65: Cloud sync across devices | B65: =COUNTIF('Feature Matrix'!C65:L65,"Y") -> 8 | C65: =COUNTIF('Feature Matrix'!C65:L65,"P") -> 2 | D65: =COUNTIF('Feature Matrix'!C65:L65,"N") -> 0 | E65: =(B65+0.5*C65)/10 -> 0.9 | F65: =IF(E65<0.3,"High — underserved",IF(E65<=0.7,"Medium — differentiator","Low — table stakes")) -> Low — table stakes
A66: SOCIAL & ACCOUNTABILITY
A67: Share habits with friends | B67: =COUNTIF('Feature Matrix'!C67:L67,"Y") -> 4 | C67: =COUNTIF('Feature Matrix'!C67:L67,"P") -> 2 | D67: =COUNTIF('Feature Matrix'!C67:L67,"N") -> 4 | E67: =(B67+0.5*C67)/10 -> 0.5 | F67: =IF(E67<0.3,"High — underserved",IF(E67<=0.7,"Medium — differentiator","Low — table stakes")) -> Medium — differentiator
A68: Group / team habits | B68: =COUNTIF('Feature Matrix'!C68:L68,"Y") -> 4 | C68: =COUNTIF('Feature Matrix'!C68:L68,"P") -> 1 | D68: =COUNTIF('Feature Matrix'!C68:L68,"N") -> 5 | E68: =(B68+0.5*C68)/10 -> 0.45 | F68: =IF(E68<0.3,"High — underserved",IF(E68<=0.7,"Medium — differentiator","Low — table stakes")) -> Medium — differentiator
A69: Public leaderboards | B69: =COUNTIF('Feature Matrix'!C69:L69,"Y") -> 3 | C69: =COUNTIF('Feature Matrix'!C69:L69,"P") -> 0 | D69: =COUNTIF('Feature Matrix'!C69:L69,"N") -> 7 | E69: =(B69+0.5*C69)/10 -> 0.3 | F69: =IF(E69<0.3,"High — underserved",IF(E69<=0.7,"Medium — differentiator","Low — table stakes")) -> Medium — differentiator
A70: In-app messaging / comments | B70: =COUNTIF('Feature Matrix'!C70:L70,"Y") -> 4 | C70: =COUNTIF('Feature Matrix'!C70:L70,"P") -> 0 | D70: =COUNTIF('Feature Matrix'!C70:L70,"N") -> 6 | E70: =(B70+0.5*C70)/10 -> 0.4 | F70: =IF(E70<0.3,"High — underserved",IF(E70<=0.7,"Medium — differentiator","Low — table stakes")) -> Medium — differentiator
A71: Community / forum / challenges | B71: =COUNTIF('Feature Matrix'!C71:L71,"Y") -> 6 | C71: =COUNTIF('Feature Matrix'!C71:L71,"P") -> 1 | D71: =COUNTIF('Feature Matrix'!C71:L71,"N") -> 3 | E71: =(B71+0.5*C71)/10 -> 0.65 | F71: =IF(E71<0.3,"High — underserved",IF(E71<=0.7,"Medium — differentiator","Low — table stakes")) -> Medium — differentiator
A72: Accountability partners | B72: =COUNTIF('Feature Matrix'!C72:L72,"Y") -> 5 | C72: =COUNTIF('Feature Matrix'!C72:L72,"P") -> 1 | D72: =COUNTIF('Feature Matrix'!C72:L72,"N") -> 4 | E72: =(B72+0.5*C72)/10 -> 0.55 | F72: =IF(E72<0.3,"High — underserved",IF(E72<=0.7,"Medium — differentiator","Low — table stakes")) -> Medium — differentiator
A73: REFLECTION & JOURNALING
A74: Daily mood tracking | B74: =COUNTIF('Feature Matrix'!C74:L74,"Y") -> 5 | C74: =COUNTIF('Feature Matrix'!C74:L74,"P") -> 0 | D74: =COUNTIF('Feature Matrix'!C74:L74,"N") -> 5 | E74: =(B74+0.5*C74)/10 -> 0.5 | F74: =IF(E74<0.3,"High — underserved",IF(E74<=0.7,"Medium — differentiator","Low — table stakes")) -> Medium — differentiator
A75: Journal / notes per entry | B75: =COUNTIF('Feature Matrix'!C75:L75,"Y") -> 8 | C75: =COUNTIF('Feature Matrix'!C75:L75,"P") -> 0 | D75: =COUNTIF('Feature Matrix'!C75:L75,"N") -> 2 | E75: =(B75+0.5*C75)/10 -> 0.8 | F75: =IF(E75<0.3,"High — underserved",IF(E75<=0.7,"Medium — differentiator","Low — table stakes")) -> Low — table stakes
A76: Guided reflection prompts | B76: =COUNTIF('Feature Matrix'!C76:L76,"Y") -> 3 | C76: =COUNTIF('Feature Matrix'!C76:L76,"P") -> 1 | D76: =COUNTIF('Feature Matrix'!C76:L76,"N") -> 6 | E76: =(B76+0.5*C76)/10 -> 0.35 | F76: =IF(E76<0.3,"High — underserved",IF(E76<=0.7,"Medium — differentiator","Low — table stakes")) -> Medium — differentiator
A77: Gratitude / affirmation module | B77: =COUNTIF('Feature Matrix'!C77:L77,"Y") -> 2 | C77: =COUNTIF('Feature Matrix'!C77:L77,"P") -> 1 | D77: =COUNTIF('Feature Matrix'!C77:L77,"N") -> 7 | E77: =(B77+0.5*C77)/10 -> 0.25 | F77: =IF(E77<0.3,"High — underserved",IF(E77<=0.7,"Medium — differentiator","Low — table stakes")) -> High — underserved
A78: PRODUCTIVITY ADD-ONS
A79: Built-in Pomodoro / focus timer | B79: =COUNTIF('Feature Matrix'!C79:L79,"Y") -> 4 | C79: =COUNTIF('Feature Matrix'!C79:L79,"P") -> 0 | D79: =COUNTIF('Feature Matrix'!C79:L79,"N") -> 6 | E79: =(B79+0.5*C79)/10 -> 0.4 | F79: =IF(E79<0.3,"High — underserved",IF(E79<=0.7,"Medium — differentiator","Low — table stakes")) -> Medium — differentiator
A80: Full task / to-do manager | B80: =COUNTIF('Feature Matrix'!C80:L80,"Y") -> 2 | C80: =COUNTIF('Feature Matrix'!C80:L80,"P") -> 2 | D80: =COUNTIF('Feature Matrix'!C80:L80,"N") -> 6 | E80: =(B80+0.5*C80)/10 -> 0.3 | F80: =IF(E80<0.3,"High — underserved",IF(E80<=0.7,"Medium — differentiator","Low — table stakes")) -> Medium — differentiator
A81: Meditation / mindfulness content | B81: =COUNTIF('Feature Matrix'!C81:L81,"Y") -> 3 | C81: =COUNTIF('Feature Matrix'!C81:L81,"P") -> 1 | D81: =COUNTIF('Feature Matrix'!C81:L81,"N") -> 6 | E81: =(B81+0.5*C81)/10 -> 0.35 | F81: =IF(E81<0.3,"High — underserved",IF(E81<=0.7,"Medium — differentiator","Low — table stakes")) -> Medium — differentiator
A82: Sleep tracking / bedtime | B82: =COUNTIF('Feature Matrix'!C82:L82,"Y") -> 2 | C82: =COUNTIF('Feature Matrix'!C82:L82,"P") -> 2 | D82: =COUNTIF('Feature Matrix'!C82:L82,"N") -> 6 | E82: =(B82+0.5*C82)/10 -> 0.3 | F82: =IF(E82<0.3,"High — underserved",IF(E82<=0.7,"Medium — differentiator","Low — table stakes")) -> Medium — differentiator
A83: Educational content / articles | B83: =COUNTIF('Feature Matrix'!C83:L83,"Y") -> 3 | C83: =COUNTIF('Feature Matrix'!C83:L83,"P") -> 2 | D83: =COUNTIF('Feature Matrix'!C83:L83,"N") -> 5 | E83: =(B83+0.5*C83)/10 -> 0.4 | F83: =IF(E83<0.3,"High — underserved",IF(E83<=0.7,"Medium — differentiator","Low — table stakes")) -> Medium — differentiator
A84: AI & COACHING
A85: AI-generated habit suggestions | B85: =COUNTIF('Feature Matrix'!C85:L85,"Y") -> 1 | C85: =COUNTIF('Feature Matrix'!C85:L85,"P") -> 1 | D85: =COUNTIF('Feature Matrix'!C85:L85,"N") -> 8 | E85: =(B85+0.5*C85)/10 -> 0.15 | F85: =IF(E85<0.3,"High — underserved",IF(E85<=0.7,"Medium — differentiator","Low — table stakes")) -> High — underserved
A86: AI coach / chatbot | B86: =COUNTIF('Feature Matrix'!C86:L86,"Y") -> 1 | C86: =COUNTIF('Feature Matrix'!C86:L86,"P") -> 1 | D86: =COUNTIF('Feature Matrix'!C86:L86,"N") -> 8 | E86: =(B86+0.5*C86)/10 -> 0.15 | F86: =IF(E86<0.3,"High — underserved",IF(E86<=0.7,"Medium — differentiator","Low — table stakes")) -> High — underserved
A87: Human coaching (premium) | B87: =COUNTIF('Feature Matrix'!C87:L87,"Y") -> 1 | C87: =COUNTIF('Feature Matrix'!C87:L87,"P") -> 0 | D87: =COUNTIF('Feature Matrix'!C87:L87,"N") -> 9 | E87: =(B87+0.5*C87)/10 -> 0.1 | F87: =IF(E87<0.3,"High — underserved",IF(E87<=0.7,"Medium — differentiator","Low — table stakes")) -> High — underserved
A88: Personalized journey / program | B88: =COUNTIF('Feature Matrix'!C88:L88,"Y") -> 2 | C88: =COUNTIF('Feature Matrix'!C88:L88,"P") -> 2 | D88: =COUNTIF('Feature Matrix'!C88:L88,"N") -> 6 | E88: =(B88+0.5*C88)/10 -> 0.3 | F88: =IF(E88<0.3,"High — underserved",IF(E88<=0.7,"Medium — differentiator","Low — table stakes")) -> Medium — differentiator
A89: MONETIZATION SIGNALS
A90: Offers free tier | B90: =COUNTIF('Feature Matrix'!C90:L90,"Y") -> 9 | C90: =COUNTIF('Feature Matrix'!C90:L90,"P") -> 0 | D90: =COUNTIF('Feature Matrix'!C90:L90,"N") -> 1 | E90: =(B90+0.5*C90)/10 -> 0.9 | F90: =IF(E90<0.3,"High — underserved",IF(E90<=0.7,"Medium — differentiator","Low — table stakes")) -> Low — table stakes
A91: Subscription model | B91: =COUNTIF('Feature Matrix'!C91:L91,"Y") -> 9 | C91: =COUNTIF('Feature Matrix'!C91:L91,"P") -> 0 | D91: =COUNTIF('Feature Matrix'!C91:L91,"N") -> 1 | E91: =(B91+0.5*C91)/10 -> 0.9 | F91: =IF(E91<0.3,"High — underserved",IF(E91<=0.7,"Medium — differentiator","Low — table stakes")) -> Low — table stakes
A92: Lifetime / one-time purchase option | B92: =COUNTIF('Feature Matrix'!C92:L92,"Y") -> 3 | C92: =COUNTIF('Feature Matrix'!C92:L92,"P") -> 2 | D92: =COUNTIF('Feature Matrix'!C92:L92,"N") -> 5 | E92: =(B92+0.5*C92)/10 -> 0.4 | F92: =IF(E92<0.3,"High — underserved",IF(E92<=0.7,"Medium — differentiator","Low — table stakes")) -> Medium — differentiator
A93: Ad-free (paid or free) | B93: =COUNTIF('Feature Matrix'!C93:L93,"Y") -> 8 | C93: =COUNTIF('Feature Matrix'!C93:L93,"P") -> 2 | D93: =COUNTIF('Feature Matrix'!C93:L93,"N") -> 0 | E93: =(B93+0.5*C93)/10 -> 0.9 | F93: =IF(E93<0.3,"High — underserved",IF(E93<=0.7,"Medium — differentiator","Low — table stakes")) -> Low — table stakes
A94: In-app consumables / virtual goods | B94: =COUNTIF('Feature Matrix'!C94:L94,"Y") -> 2 | C94: =COUNTIF('Feature Matrix'!C94:L94,"P") -> 0 | D94: =COUNTIF('Feature Matrix'!C94:L94,"N") -> 8 | E94: =(B94+0.5*C94)/10 -> 0.2 | F94: =IF(E94<0.3,"High — underserved",IF(E94<=0.7,"Medium — differentiator","Low — table stakes")) -> High — underserved
A95: PRIVACY
A96: Local-only data option (no account) | B96: =COUNTIF('Feature Matrix'!C96:L96,"Y") -> 1 | C96: =COUNTIF('Feature Matrix'!C96:L96,"P") -> 2 | D96: =COUNTIF('Feature Matrix'!C96:L96,"N") -> 7 | E96: =(B96+0.5*C96)/10 -> 0.2 | F96: =IF(E96<0.3,"High — underserved",IF(E96<=0.7,"Medium — differentiator","Low — table stakes")) -> High — underserved
A97: End-to-end encryption claimed | B97: =COUNTIF('Feature Matrix'!C97:L97,"Y") -> 0 | C97: =COUNTIF('Feature Matrix'!C97:L97,"P") -> 1 | D97: =COUNTIF('Feature Matrix'!C97:L97,"N") -> 9 | E97: =(B97+0.5*C97)/10 -> 0.05 | F97: =IF(E97<0.3,"High — underserved",IF(E97<=0.7,"Medium — differentiator","Low — table stakes")) -> High — underserved
A98: No-login / anonymous use | B98: =COUNTIF('Feature Matrix'!C98:L98,"Y") -> 2 | C98: =COUNTIF('Feature Matrix'!C98:L98,"P") -> 1 | D98: =COUNTIF('Feature Matrix'!C98:L98,"N") -> 7 | E98: =(B98+0.5*C98)/10 -> 0.25 | F98: =IF(E98<0.3,"High — underserved",IF(E98<=0.7,"Medium — differentiator","Low — table stakes")) -> High — underserved

Sheet Positioning
A1: Archetype | B1: Apps in this cluster | C1: Core value prop | D1: Demographic | E1: Notable gap / opportunity
A2: Gamified Companion | B2: Finch, Habitica | C2: Emotional engagement via pets/avatars; rewards are intrinsic to the product | D2: Gen Z, neurodivergent users, anyone with low baseline motivation | E2: Little serious analytics; limited for performance/athletic users
A3: Minimalist Apple-first | B3: Streaks, Way of Life | C3: Fewest taps, beautiful design, deep Apple ecosystem | D3: Apple power users, design-conscious professionals | E3: Weak social/accountability; no AI; capped habit counts
A4: Data-Driven Cross-Platform | B4: Habitify, Habit Tracker (InnerGrow) | C4: Deep analytics, cross-device sync, integrations | D4: Productivity nerds, Android+iOS households | E4: Interfaces are utilitarian — limited emotional pull
A5: Coaching / Behavior-Science | B5: Fabulous, Productive | C5: Guided journeys, curated content, CBT-adjacent structure | D5: Users seeking lifestyle transformation, not just logging | E5: Heavy paywalls; feels like a content app not a tool
A6: Goal-Setting SMART | B6: Strides, (Habitify partial) | C6: Long-term goals with milestones, not just daily checks | D6: Career-focused adults, athletes, students | E6: Narrow feature set, weak design, no AI goal decomposition
A7: Task Manager with Habits | B7: TickTick | C7: Habits bolted onto a full GTD system | D7: Power-user professionals consolidating tools | E7: Habit module is secondary — not best-in-class
A9: WHITESPACE SUMMARY (from Feature Gaps sheet)
A10: High-penetration = table stakes | B10: Streak counters, time reminders, completion %, widgets, themes, cloud sync
A11: Medium-penetration = differentiators | B11: Apple Health write, negative habits, CSV export, calendar integrations, mood tracking, challenges
A12: Low-penetration = whitespace | B12: AI coach, streak freezes, SMART goal framework, human coaching, E2E encryption, vision boards, location reminders, adaptive AI reminders, Health two-way sync
A14: STRATEGIC OBSERVATIONS FOR A NEW ENTRANT
A15: 1. Pricing anomaly | B15: Finch charges $14.99/yr on iOS but $69.99/yr on Android — there is room for transparent/consistent pricing as a marketing hook
A16: 2. Streak-freeze gap | B16: Virtually no major app offers intelligent streak protection — Habi (new entrant) built its whole positioning around this. Validates the gap.
A17: 3. Goal-habit linkage | B17: Only 3 apps explicitly link goals to habits. Users currently patch this with Notion. Large whitespace.
A18: 4. AI is under-exploited | B18: Only Fabulous has a real AI coach. Given 2025–26 LLM economics, a modern AI habit coach with adaptive scheduling is undertaken by no incumbent.
A19: 5. Apple Health two-way | B19: Only Habitify and Streaks do it well. Differentiator for fitness-oriented users.
A20: 6. Consolidation threat | B20: TickTick already bundles habits into a task manager. A well-designed habit app must justify why it's not a sub-feature of Todoist/TickTick/Reminders.
A21: 7. Gamification fatigue | B21: Habitica's 4.0 rating (vs Finch's 4.9) suggests pixel-RPG gamification is dated. Finch's pet/emotional model is the new gold standard.
